{"cameraMode":{"drawMode":0,"name":"Shaded","section":"Shading Mode"},"sceneLighting":true,"audioPlay":false,"sceneViewState":{"m_AlwaysRefresh":false,"showFog":true,"showSkybox":true,"showFlares":true,"showImageEffects":true,"showParticleSystems":true,"showVisualEffectGraphs":true,"m_FxEnabled":true},"in2DMode":false,"pivot":{"x":3.3361666202545168,"y":0.6337472796440125,"z":-2.4179344177246095},"rotation":{"x":0.0012910645455121995,"y":0.95134437084198,"z":0.003986503928899765,"w":-0.30810093879699709},"size":3.3994712829589845,"orthographic":false}