{"cameraMode":{"drawMode":0,"name":"Shaded","section":"Shading Mode"},"sceneLighting":true,"audioPlay":false,"sceneViewState":{"m_AlwaysRefresh":false,"showFog":true,"showSkybox":true,"showFlares":true,"showImageEffects":true,"showParticleSystems":true,"showVisualEffectGraphs":true,"m_FxEnabled":true},"in2DMode":false,"pivot":{"x":1.320953369140625,"y":0.17197513580322267,"z":2.215717315673828},"rotation":{"x":-0.17524069547653199,"y":0.44802629947662356,"z":-0.09003175050020218,"w":-0.8720555305480957},"size":8.215241432189942,"orthographic":false}