{"cameraMode":{"drawMode":0,"name":"Shaded","section":"Shading Mode"},"sceneLighting":true,"audioPlay":false,"sceneViewState":{"m_AlwaysRefresh":false,"showFog":true,"showSkybox":true,"showFlares":true,"showImageEffects":true,"showParticleSystems":true,"showVisualEffectGraphs":true,"m_FxEnabled":true},"in2DMode":false,"pivot":{"x":884.1732788085938,"y":673.08642578125,"z":29.51324462890625},"rotation":{"x":-0.051287852227687839,"y":0.0005943901487626135,"z":-0.00002646031862241216,"w":-0.9986922740936279},"size":575.5802001953125,"orthographic":false}