{"cameraMode":{"drawMode":0,"name":"Shaded","section":"Shading Mode"},"sceneLighting":true,"audioPlay":false,"sceneViewState":{"m_AlwaysRefresh":false,"showFog":true,"showSkybox":true,"showFlares":true,"showImageEffects":true,"showParticleSystems":true,"showVisualEffectGraphs":true,"m_FxEnabled":true},"in2DMode":false,"pivot":{"x":2.8687353134155275,"y":4.019262313842773,"z":-2.8927688598632814},"rotation":{"x":0.013439327478408814,"y":-0.8331359624862671,"z":0.020254602655768396,"w":0.5525470972061157},"size":34.48707962036133,"orthographic":false}