{"cameraMode":{"drawMode":0,"name":"Shaded","section":"Shading Mode"},"sceneLighting":true,"audioPlay":false,"sceneViewState":{"m_AlwaysRefresh":false,"showFog":true,"showSkybox":true,"showFlares":true,"showImageEffects":true,"showParticleSystems":true,"showVisualEffectGraphs":true,"m_FxEnabled":true},"in2DMode":false,"pivot":{"x":0.6663409471511841,"y":0.46274399757385256,"z":1.080330729484558},"rotation":{"x":-0.14260992407798768,"y":-0.47854673862457278,"z":0.07910368591547013,"w":-0.8627946972846985},"size":1.0696396827697755,"orthographic":false}