{"cameraMode":{"drawMode":0,"name":"Shaded","section":"Shading Mode"},"sceneLighting":false,"audioPlay":false,"sceneViewState":{"m_AlwaysRefresh":false,"showFog":true,"showSkybox":false,"showFlares":true,"showImageEffects":true,"showParticleSystems":true,"showVisualEffectGraphs":true,"m_FxEnabled":true},"in2DMode":false,"pivot":{"x":-0.33454951643943789,"y":-4.761777877807617,"z":4.677255630493164},"rotation":{"x":0.016527675092220308,"y":0.969889760017395,"z":-0.23304499685764314,"w":0.06878340244293213},"size":0.17459534108638764,"orthographic":false}